insert into organization (id, name) values (1, 'Test1');
insert into organization (id, name) values (2, 'Test2');
insert into organization (id, name) values (3, 'Test3');
insert into organization (id, name) values (4, 'Test4');
insert into organization (id, name) values (5, 'Test5');
insert into department (id, name, organization_id) values (1, 'Test1', 1);
insert into department (id, name, organization_id) values (2, 'Test2', 1);
insert into department (id, name, organization_id) values (3, 'Test3', 1);
insert into department (id, name, organization_id) values (4, 'Test4', 2);
insert into department (id, name, organization_id) values (5, 'Test5', 2);
insert into department (id, name, organization_id) values (6, 'Test6', 3);
insert into department (id, name, organization_id) values (7, 'Test7', 4);
insert into department (id, name, organization_id) values (8, 'Test8', 5);
insert into department (id, name, organization_id) values (9, 'Test9', 5);
insert into employee (id, first_name, last_name, position, salary, age, department_id, organization_id) values (1, 'John', 'Smith', 'Developer', 10000, 30, 1, 1);
insert into employee (id, first_name, last_name, position, salary, age, department_id, organization_id) values (2, 'Adam', 'Hamilton', 'Developer', 12000, 35, 1, 1);
insert into employee (id, first_name, last_name, position, salary, age, department_id, organization_id) values (3, 'Tracy', 'Smith', 'Architect', 15000, 40, 1, 1);
insert into employee (id, first_name, last_name, position, salary, age, department_id, organization_id) values (4, 'Lucy', 'Kim', 'Developer', 13000, 25, 2, 1);
insert into employee (id, first_name, last_name, position, salary, age, department_id, organization_id) values (5, 'Peter', 'Wright', 'Director', 50000, 50, 4, 2);
insert into employee (id, first_name, last_name, position, salary, age, department_id, organization_id) values (6, 'Alan', 'Murray', 'Developer', 20000, 37, 4, 2);
insert into employee (id, first_name, last_name, position, salary, age, department_id, organization_id) values (7, 'Pamela', 'Anderson', 'Analyst', 7000, 27, 4, 2);
